DROP TABLE MEMBERS;
DROP TABLE GYM;
DROP TABLE GYMSCHEDULE;


CREATE TABLE MEMBERS
( MEMBERID  CHAR(4) PRIMARY KEY,
LAST_NAME   CHAR(35),
FIRST_NAME  CHAR(35),
PHONENUM    CHAR(12),
AGE         DECIMAL(2,0),
WEIGHT      DECIMAL(3,0),
GYMID       CHAR(2) );


INSERT INTO MEMBERS
VALUES
('2358','Lee','Chang','665-985-9859',35, 180,'12');
INSERT INTO MEMBERS
VALUES
('8432','Delgado','Maria','212-658-2582',42, 170,'12');
INSERT INTO MEMBERS
VALUES
('1178','Johnson','Robert','409-985-9568',17, 205,'53');
INSERT INTO MEMBERS
VALUES
('6852','Stevenson','Mike','509-895-5529',65, 195,'18');
INSERT INTO MEMBERS
VALUES
('3215','Ali','Asim','225-896-8959',23, 198,'22');



CREATE TABLE GYM
( GYMID      CHAR(2) PRIMARY KEY,
LOCATION     CHAR(35),
FIRST_NAME   CHAR(35),
GYMPHONENUM  CHAR(12),
RATE         DECIMAL(4,2),
SCHEDULECODE CHAR(4) );


INSERT INTO GYM
VALUES
('35','BRONX','ANGELO','654-895-6667',66.00, 'T654');
INSERT INTO GYM
VALUES
('53','BROOKLYN','HENRY','212-985-3259',99.50, 'T832');
INSERT INTO GYM
VALUES
('12','QUEENS','HASSAN','658-985-1247',75.84, 'W423');
INSERT INTO GYM
VALUES
('18','STATEN ISLAND','WANG','325-895-9874',50.98, 'W343');
INSERT INTO GYM
VALUES
('22','LONG ISLAND','LINDA','409-989-5283',25.75,  'F756');



CREATE TABLE GYMSCHEDULE
( SCHEDULECODE  CHAR(4) PRIMARY KEY,
DAY        CHAR(35),
TIME       CHAR(35),
SECTION    CHAR(35) );



INSERT INTO GYMSCHEDULE
VALUES
('T654','TUESDAY','8-9','WEIGHTS');
INSERT INTO GYMSCHEDULE
VALUES
('T832','TUESDAY','8-9','BARS');
INSERT INTO GYMSCHEDULE
VALUES
('W423','WEDNESDAY','10-11','CYCLE');
INSERT INTO GYMSCHEDULE
VALUES
('W343','WEDNESDAY','10-11','CYCLE');
INSERT INTO GYMSCHEDULE
VALUES
('F756','FRIDAY','1-2','4ROW MACHINE');

UPDATE GYMSCHEDULE
SET TIME = '2-3'
WHERE SCHEDULECODE = 'F756';

ALTER TABLE GYMSCHEDULE
ADD HOLIDAYS CHAR(10);

DESCRIBE GYMSCHEDULE;

SELECT M.LAST_NAME, 
M.FIRST_NAME, 
M.WEIGHT,
G.LOCATION,
G.RATE,
GS.DAY,
GS.TIME
FROM MEMBERS M, GYM G, GYMSCHEDULE GS
WHERE M.GYMID = G.GYMID
AND   G.SCHEDULECODE = GS.SCHEDULECODE
AND   M.WEIGHT >180;



